refdes,pin,voltage,current
J1,1,8.99906,0.64142
J1,2,-0.000300442,-0.64142
U2,4,9.19518,0.18
L2,2,-0.104639,-0.18
L1,2,5.0008,0.560905
U1,2,-0.000415541,-0.229105
L3,1,3.30153,0.641577
U3,5,-0.000160167,-0.0755519
U3,4,-0.000160167,-0.0755519
U3,1,-0.000160167,-0.0755519
U3,21,-0.000160167,-0.0755519
U3,13,-0.000160167,-0.0755519
U3,12,-0.000160167,-0.0755519
U3,17,-0.000160167,-0.0755519
U3,15,-0.000160167,-0.0755519
L4,1,2.5001,0.178227
L5,1,1.10024,0.345511
Q4,3,10.4,0.2205688907
U7,7,0.0,0.019674207
U7,pdna_pin_28_2,0.0,0.019674207
U7,6,0.0,0.019674207
U7,23,0.0,0.019674207
D6,1,16.0,0.00101709
D5,2,-7.00001,-0.00100748
L7,2,3.29999,0.0103336
R27,2,3.29165,-0.000329205
R27,1,0.000153368,0.000329095
U5,11,3.2907,-0.0249779
U5,100,3.2907,-0.03451155
U5,28,3.2907,-0.0791881
U5,75,3.2907,-0.03366072
U5,50,3.2907,-0.03447177
U5,27,0.000206814,0.0500092
U5,10,0.000248127,0.0499906
U5,99,0.000194915,0.0500145
U5,74,0.000258528,0.0499859
SD1,pdna_pin_4_1,3.29185,-0.0667136
SD1,pdna_pin_4_2,3.29187,-0.0667254
SD1,pdna_pin_4_3,3.29154,-0.066561
SD1,pdna_pin_6_1,0.000172505,0.03599922
SD1,pdna_pin_6_2,0.00017250899999999997,0.01299010000000001
SD1,9,0.000172508,0.018376450000000003
SD1,pdna_pin_6_3,0.00017250199999999997,0.05879610000000002
SD1,pdna_pin_6_4,0.000172506,0.03341191849999999
SD1,pdna_pin_6_5,0.000172504,0.04207155000000001
D2,2,1.79197,-0.00680999
D2,1,0.000127114,0.00680999
D9,2,2.59118,-0.00318
D9,1,0.000151906,0.00318
U10,8,3.29169,-0.00832606
U10,7,3.29169,-0.00832616
U10,3,3.29182,-0.00834778
U10,4,0.000203951,0.025329111
R20,2,3.29126,-0.000329167
R20,1,0.000132599,0.000329058
R59,2,3.29391,-0.000329439
R59,1,7.1356e-05,0.000329329
R70,2,3.29243,-0.00329115
R70,1,0.00123514,0.00329124
R54,2,3.29186,-0.00032922
R54,1,0.000205124,0.000329111
R65,2,3.29444,-0.000329492
R65,1,7.39218e-05,0.000329382
U11,4,3.29279,-0.0234669
U11,5,3.29279,-0.0234667
U11,20,3.29289,-0.0235024
U11,74,3.2941,-0.0239251
U11,67,3.29104,-0.0228547
U11,50,3.29084,-0.0227844
U11,82,0.00124565,0.23035483
U11,89,0.000245687,0.23253039999999997
U11,73,0.0013055,0.23022456
R49,2,3.29186,-0.000329223
R49,1,0.000175808,0.000329114
R45,2,3.29186,-0.000329223
R45,1,0.000175238,0.000329114
R46,2,3.29186,-0.000329223
R46,1,0.000175948,0.000329114
R47,2,3.29186,-0.000329223
R47,1,0.000174533,0.000329114
R48,2,3.29186,-0.000329223
R48,1,0.000174331,0.000329114
U11,80,3.00186,-0.03
U11,30,2.4977,-0.0355397
U11,31,2.49769,-0.035537
U11,32,2.49768,-0.0355314
U11,34,2.49754,-0.0354641
U11,36,2.49767,-0.0355275
R63,2,1.24901,-0.00062446
R63,1,0.000148308,0.000624402
U11,22,1.0959,-0.116131
U11,71,1.09429,-0.114284
U11,35,1.095,-0.115095
LCD1,43,10.3954,-0.05
LCD1,52,8.54147e-05,0.008585837
LCD1,40,0.000144824,0.008567268
LCD1,38,0.000124192,0.008573714
LCD1,48,0.000107846,0.008578829999999999
LCD1,5,0.000220478,0.008543613
LCD1,36,0.000105699,0.008579495
LCD1,51,0.000132108,0.008571243000000001
LCD1,1,9.19075,-0.0900058
LCD1,2,9.19074,-0.0899944
LCD1,3,-0.100007,0.0900062
LCD1,4,-0.0999932,0.089994
LCD1,41,15.9999,-0.001
LCD1,42,-6.9999,0.001
LCD1,47,3.29985,-0.00166671
LCD1,6,3.29984,-0.00166661
LCD1,7,3.29984,-0.00166661
LCD1,8,3.29984,-0.00166661
LCD1,39,3.29985,-0.00166676
LCD1,46,3.29985,-0.00166671
R40,2,3.29985,-0.000330037
R40,1,2.6431e-05,0.000329928
U4,2,3.29424,-0.06
U4,1,0.000168456,0.03
U2,5,10.3967,-0.170569
U2,2,7.98097e-05,0.170569
U1,5,8.79116,-0.3318
R1,2,4.99997,-5.33966e-06
R4,1,-3.47088e-05,4.66035e-06
U3,9,4.99836,-0.08077019999999999
U3,10,4.99838,-0.0807841
U3,7,4.99832,-0.0807374
U3,8,4.99839,-0.0807888
U3,19,4.99635,-0.0792571
U3,18,4.99634,-0.0792506
U3,16,4.99642,-0.0793123
R8,2,3.29997,-3.52418e-06
R9,1,-3.0253e-05,3.07583e-06
R10,2,2.49994,-2.66983e-06
R11,1,-6.55058e-05,2.33018e-06
R12,2,1.09997,-1.17472e-06
R13,1,-3.39228e-05,1.02528e-06
U7,22,8.79318,-0.043548468
U7,21,8.7932,-0.043562948000000004
U7,20,8.79323,-0.043580424
U7,16,8.79263,-0.043211263
U7,12,8.79554,-0.044980671
U7,9,8.79616,-0.045357788
U7,8,8.79619,-0.045378936
R30,2,10.4,-1.11065e-05
R32,1,-1.85617e-05,9.69349e-06
R33,2,16.0,-1.70869e-05
R35,1,-6.22036e-06,1.49131e-05
R34,2,-7.00001,7.47553e-06
R36,1,-8.87251e-06,-6.52447e-06
R37,2,3.29999,-3.52417e-06
R38,1,-5.89919e-06,3.07582e-06
U4,3,3.00233,0.03
Q1,3,8.99778,-0.64142
Q1,2,8.79778,0.64142
C50,2,-8.58395e-06,-6.52447e-06
C50,1,-8.58396e-06,6.52447e-06
Q5,3,5.19996,0.0
Q5,2,4.99996,-1.77636e-09
Q6,3,5.19996,0.0
Q6,2,4.99996,0.0
SW2,2,3.29181,-0.000329203
SW2,1,3.29181,0.000329203
U5,67,3.2907,0.00681
R17,2,3.29021,-0.00681
R17,1,1.79201,0.00681
R39,2,3.29079,-0.00318
R39,1,2.59119,0.00318
SW1,1,-4.05508e-05,0.000329058
SW1,2,-4.05502e-05,-0.000329058
SW5,1,-4.85989e-05,0.000329329
SW5,2,-4.85983e-05,-0.000329329
SW4,1,-3.13807e-05,0.00329124
SW4,2,-3.13741e-05,-0.00329124
U10,1,0.000203951,-0.000329111
SW10,1,5.51763e-06,0.000329382
SW10,2,5.51829e-06,-0.000329382
SD1,3,0.000172507,-0.000329114
SD1,7,0.000172507,-0.000329114
SD1,8,0.000172507,-0.000329113
SD1,1,0.000172507,-0.000329114
SD1,2,0.000172507,-0.000329114
R60,2,2.49793,-0.00062446
R60,1,1.24901,0.00062446
Q4,2,10.4,1.11058e-05
SW3,1,-5.72441e-05,0.000329928
SW3,2,-5.72435e-05,-0.000329928
