refdes,pin,voltage,current,rpin
VCOMP0,VCOMP0-0,8.99906,0.64142,0
VCOMP0,VCOMP0-1,-0.000300442,-0.64142,0
VCOMP29,VCOMP29-0,9.19518,0.18,0
VCOMP29,VCOMP29-1,-0.104639,-0.18,0
VCOMP31,VCOMP31-0,5.0008,0.560905,0
VCOMP31,VCOMP31-1,-0.000415541,-0.560905,0
VCOMP34,VCOMP34-0,3.30153,0.641577,0
VCOMP34,VCOMP34-1,-0.000160167,-0.0801972,0
VCOMP34,VCOMP34-2,-0.000160167,-0.0801972,0
VCOMP34,VCOMP34-3,-0.000160167,-0.0801972,0
VCOMP34,VCOMP34-4,-0.000160167,-0.0801972,0
VCOMP34,VCOMP34-5,-0.000160167,-0.0801972,0
VCOMP34,VCOMP34-6,-0.000160167,-0.0801972,0
VCOMP34,VCOMP34-7,-0.000160167,-0.0801972,0
VCOMP34,VCOMP34-8,-0.000160167,-0.0801972,0
VCOMP37,VCOMP37-0,2.5001,0.178227,0
VCOMP37,VCOMP37-1,-0.000160167,-0.0222784,0
VCOMP37,VCOMP37-2,-0.000160167,-0.0222784,0
VCOMP37,VCOMP37-3,-0.000160167,-0.0222784,0
VCOMP37,VCOMP37-4,-0.000160167,-0.0222784,0
VCOMP37,VCOMP37-5,-0.000160167,-0.0222784,0
VCOMP37,VCOMP37-6,-0.000160167,-0.0222784,0
VCOMP37,VCOMP37-7,-0.000160167,-0.0222784,0
VCOMP37,VCOMP37-8,-0.000160167,-0.0222784,0
VCOMP40,VCOMP40-0,1.10024,0.345511,0
VCOMP40,VCOMP40-1,-0.000160167,-0.0431889,0
VCOMP40,VCOMP40-2,-0.000160167,-0.0431889,0
VCOMP40,VCOMP40-3,-0.000160167,-0.0431889,0
VCOMP40,VCOMP40-4,-0.000160167,-0.0431889,0
VCOMP40,VCOMP40-5,-0.000160167,-0.0431889,0
VCOMP40,VCOMP40-6,-0.000160167,-0.0431889,0
VCOMP40,VCOMP40-7,-0.000160167,-0.0431889,0
VCOMP40,VCOMP40-8,-0.000160167,-0.0431889,0
VCOMP43,VCOMP43-0,10.4,0.22058,0
VCOMP43,VCOMP43-1,0,-0.055145,0
VCOMP43,VCOMP43-2,0,-0.055145,0
VCOMP43,VCOMP43-3,0,-0.055145,0
VCOMP43,VCOMP43-4,0,-0.055145,0
VCOMP46,VCOMP46-0,16,0.00101709,0
VCOMP46,VCOMP46-1,0,-0.000254272,0
VCOMP46,VCOMP46-2,0,-0.000254272,0
VCOMP46,VCOMP46-3,0,-0.000254272,0
VCOMP46,VCOMP46-4,0,-0.000254272,0
VCOMP49,VCOMP49-0,-7.00001,-0.00100748,0
VCOMP49,VCOMP49-1,0,0.000251869,0
VCOMP49,VCOMP49-2,0,0.000251869,0
VCOMP49,VCOMP49-3,0,0.000251869,0
VCOMP49,VCOMP49-4,0,0.000251869,0
VCOMP52,VCOMP52-0,3.29999,0.0103336,0
VCOMP52,VCOMP52-1,0,-0.00258339,0
VCOMP52,VCOMP52-2,0,-0.00258339,0
VCOMP52,VCOMP52-3,0,-0.00258339,0
VCOMP52,VCOMP52-4,0,-0.00258339,0
VCOMP1,VCOMP1-0,3.29165,-0.000329205,5000
VCOMP1,VCOMP1-1,0.000153368,0.000329095,5000
VCOMP2,VCOMP2-0,3.2907,-0.04,2.22222
VCOMP2,VCOMP2-1,3.2907,-0.04,2.22222
VCOMP2,VCOMP2-2,3.2907,-0.0400001,2.22222
VCOMP2,VCOMP2-3,3.2907,-0.04,2.22222
VCOMP2,VCOMP2-4,3.2907,-0.04,2.22222
VCOMP2,VCOMP2-5,0.000206814,0.0500092,2.22222
VCOMP2,VCOMP2-6,0.000248127,0.0499906,2.22222
VCOMP2,VCOMP2-7,0.000194915,0.0500145,2.22222
VCOMP2,VCOMP2-8,0.000258528,0.0499859,2.22222
VCOMP3,VCOMP3-0,3.29185,-0.0667136,2
VCOMP3,VCOMP3-1,3.29187,-0.0667254,2
VCOMP3,VCOMP3-2,3.29154,-0.066561,2
VCOMP3,VCOMP3-3,0.000172505,0.0333333,2
VCOMP3,VCOMP3-4,0.000172509,0.0333333,2
VCOMP3,VCOMP3-5,0.000172508,0.0333333,2
VCOMP3,VCOMP3-6,0.000172502,0.0333333,2
VCOMP3,VCOMP3-7,0.000172506,0.0333333,2
VCOMP3,VCOMP3-8,0.000172504,0.0333333,2
VCOMP4,VCOMP4-0,1.79197,-0.00680999,14.6843
VCOMP4,VCOMP4-1,0.000127114,0.00680999,14.6843
VCOMP5,VCOMP5-0,2.59118,-0.00318,31.4465
VCOMP5,VCOMP5-1,0.000151906,0.00318,31.4465
VCOMP6,VCOMP6-0,3.29169,-0.00832606,6
VCOMP6,VCOMP6-1,3.29169,-0.00832616,6
VCOMP6,VCOMP6-2,3.29182,-0.00834778,6
VCOMP6,VCOMP6-3,0.000203951,0.025,6
VCOMP7,VCOMP7-0,3.29126,-0.000329167,5000
VCOMP7,VCOMP7-1,0.000132599,0.000329058,5000
VCOMP8,VCOMP8-0,3.29391,-0.000329439,5000
VCOMP8,VCOMP8-1,7.1356e-05,0.000329329,5000
VCOMP9,VCOMP9-0,3.29243,-0.00329115,500
VCOMP9,VCOMP9-1,0.00123514,0.00329124,500
VCOMP10,VCOMP10-0,3.29186,-0.00032922,5000
VCOMP10,VCOMP10-1,0.000205124,0.000329111,5000
VCOMP11,VCOMP11-0,3.29444,-0.000329492,5000
VCOMP11,VCOMP11-1,7.39218e-05,0.000329382,5000
VCOMP12,VCOMP12-0,3.29279,-0.0234669,2.85714
VCOMP12,VCOMP12-1,3.29279,-0.0234667,2.85714
VCOMP12,VCOMP12-2,3.29289,-0.0235024,2.85714
VCOMP12,VCOMP12-3,3.2941,-0.0239251,2.85714
VCOMP12,VCOMP12-4,3.29104,-0.0228547,2.85714
VCOMP12,VCOMP12-5,3.29084,-0.0227844,2.85714
VCOMP12,VCOMP12-6,0.00124565,0.046557,2.85714
VCOMP12,VCOMP12-7,0.000245687,0.046907,2.85714
VCOMP12,VCOMP12-8,0.0013055,0.0465361,2.85714
VCOMP13,VCOMP13-0,3.29186,-0.000329223,5000
VCOMP13,VCOMP13-1,0.000175808,0.000329114,5000
VCOMP14,VCOMP14-0,3.29186,-0.000329223,5000
VCOMP14,VCOMP14-1,0.000175238,0.000329114,5000
VCOMP15,VCOMP15-0,3.29186,-0.000329223,5000
VCOMP15,VCOMP15-1,0.000175948,0.000329114,5000
VCOMP16,VCOMP16-0,3.29186,-0.000329223,5000
VCOMP16,VCOMP16-1,0.000174533,0.000329114,5000
VCOMP17,VCOMP17-0,3.29186,-0.000329223,5000
VCOMP17,VCOMP17-1,0.000174331,0.000329114,5000
VCOMP18,VCOMP18-0,3.00186,-0.03,5
VCOMP18,VCOMP18-1,0.00124565,0.00993733,5
VCOMP18,VCOMP18-2,0.000245687,0.0101373,5
VCOMP18,VCOMP18-3,0.0013055,0.00992536,5
VCOMP19,VCOMP19-0,2.4977,-0.0355397,2.11149
VCOMP19,VCOMP19-1,2.49769,-0.035537,2.11149
VCOMP19,VCOMP19-2,2.49768,-0.0355314,2.11149
VCOMP19,VCOMP19-3,2.49754,-0.0354641,2.11149
VCOMP19,VCOMP19-4,2.49767,-0.0355275,2.11149
VCOMP19,VCOMP19-5,0.00124565,0.0590515,2.11149
VCOMP19,VCOMP19-6,0.000245687,0.0595251,2.11149
VCOMP19,VCOMP19-7,0.0013055,0.0590231,2.11149
VCOMP20,VCOMP20-0,1.24901,-0.00062446,1000
VCOMP20,VCOMP20-1,0.000148308,0.000624402,1000
VCOMP21,VCOMP21-0,1.0959,-0.116131,0.868282
VCOMP21,VCOMP21-1,1.09429,-0.114284,0.868282
VCOMP21,VCOMP21-2,1.095,-0.115095,0.868282
VCOMP21,VCOMP21-3,0.00124565,0.114809,0.868282
VCOMP21,VCOMP21-4,0.000245687,0.115961,0.868282
VCOMP21,VCOMP21-5,0.0013055,0.11474,0.868282
VCOMP22,VCOMP22-0,10.3954,-0.05,3.5
VCOMP22,VCOMP22-1,8.54147e-05,0.00715603,3.5
VCOMP22,VCOMP22-2,0.000144824,0.00713905,3.5
VCOMP22,VCOMP22-3,0.000124192,0.00714495,3.5
VCOMP22,VCOMP22-4,0.000107846,0.00714962,3.5
VCOMP22,VCOMP22-5,0.000220478,0.00711744,3.5
VCOMP22,VCOMP22-6,0.000105699,0.00715023,3.5
VCOMP22,VCOMP22-7,0.000132108,0.00714269,3.5
VCOMP23,VCOMP23-0,9.19075,-0.0900058,1.11111
VCOMP23,VCOMP23-1,9.19074,-0.0899944,1.11111
VCOMP23,VCOMP23-2,-0.100007,0.0900062,1.11111
VCOMP23,VCOMP23-3,-0.0999932,0.089994,1.11111
VCOMP24,VCOMP24-0,15.9999,-0.001,175
VCOMP24,VCOMP24-1,8.54147e-05,0.000143121,175
VCOMP24,VCOMP24-2,0.000144824,0.000142781,175
VCOMP24,VCOMP24-3,0.000124192,0.000142899,175
VCOMP24,VCOMP24-4,0.000107846,0.000142992,175
VCOMP24,VCOMP24-5,0.000220478,0.000142349,175
VCOMP24,VCOMP24-6,0.000105699,0.000143005,175
VCOMP24,VCOMP24-7,0.000132108,0.000142854,175
VCOMP25,VCOMP25-0,-6.9999,0.001,175
VCOMP25,VCOMP25-1,8.54147e-05,-0.000142594,175
VCOMP25,VCOMP25-2,0.000144824,-0.000142933,175
VCOMP25,VCOMP25-3,0.000124192,-0.000142815,175
VCOMP25,VCOMP25-4,0.000107846,-0.000142722,175
VCOMP25,VCOMP25-5,0.000220478,-0.000143366,175
VCOMP25,VCOMP25-6,0.000105699,-0.00014271,175
VCOMP25,VCOMP25-7,0.000132108,-0.000142861,175
VCOMP26,VCOMP26-0,3.29985,-0.00166671,64.6154
VCOMP26,VCOMP26-1,3.29984,-0.00166661,64.6154
VCOMP26,VCOMP26-2,3.29984,-0.00166661,64.6154
VCOMP26,VCOMP26-3,3.29984,-0.00166661,64.6154
VCOMP26,VCOMP26-4,3.29985,-0.00166676,64.6154
VCOMP26,VCOMP26-5,3.29985,-0.00166671,64.6154
VCOMP26,VCOMP26-6,8.54147e-05,0.00142928,64.6154
VCOMP26,VCOMP26-7,0.000144824,0.00142837,64.6154
VCOMP26,VCOMP26-8,0.000124192,0.00142868,64.6154
VCOMP26,VCOMP26-9,0.000107846,0.00142894,64.6154
VCOMP26,VCOMP26-10,0.000220478,0.00142719,64.6154
VCOMP26,VCOMP26-11,0.000105699,0.00142897,64.6154
VCOMP26,VCOMP26-12,0.000132108,0.00142856,64.6154
VCOMP27,VCOMP27-0,3.29985,-0.000330037,5000
VCOMP27,VCOMP27-1,2.6431e-05,0.000329928,5000
VCOMP28,VCOMP28-0,3.29424,-0.03,3.33333
VCOMP28,VCOMP28-1,0.000168456,0.03,3.33333
VCOMP30,VCOMP30-0,10.3967,-0.170569,0.586274
VCOMP30,VCOMP30-1,7.98097e-05,0.170569,0.586274
VCOMP32,VCOMP32-0,8.79116,-0.3318,0.301386
VCOMP32,VCOMP32-1,-0.000415541,0.3318,0.301386
VCOMP33,VCOMP33-0,4.99997,-5.33966e-06,500000
VCOMP33,VCOMP33-1,-3.47088e-05,4.66035e-06,500000
VCOMP35,VCOMP35-0,4.99836,-0.0546628,1.96698
VCOMP35,VCOMP35-1,4.99838,-0.0546723,1.96698
VCOMP35,VCOMP35-2,4.99832,-0.0546407,1.96698
VCOMP35,VCOMP35-3,4.99839,-0.0546754,1.96698
VCOMP35,VCOMP35-4,4.99635,-0.0536388,1.96698
VCOMP35,VCOMP35-5,4.99634,-0.0536344,1.96698
VCOMP35,VCOMP35-6,4.99642,-0.0536762,1.96698
VCOMP35,VCOMP35-7,-0.000160167,0.0474501,1.96698
VCOMP35,VCOMP35-8,-0.000160167,0.0474501,1.96698
VCOMP35,VCOMP35-9,-0.000160167,0.0474501,1.96698
VCOMP35,VCOMP35-10,-0.000160167,0.0474501,1.96698
VCOMP35,VCOMP35-11,-0.000160167,0.0474501,1.96698
VCOMP35,VCOMP35-12,-0.000160167,0.0474501,1.96698
VCOMP35,VCOMP35-13,-0.000160167,0.0474501,1.96698
VCOMP35,VCOMP35-14,-0.000160167,0.0474501,1.96698
VCOMP36,VCOMP36-0,3.29997,-3.52418e-06,500000
VCOMP36,VCOMP36-1,-3.0253e-05,3.07583e-06,500000
VCOMP38,VCOMP38-0,4.99836,-0.0147025,7.31309
VCOMP38,VCOMP38-1,4.99838,-0.014705,7.31309
VCOMP38,VCOMP38-2,4.99832,-0.0146965,7.31309
VCOMP38,VCOMP38-3,4.99839,-0.0147059,7.31309
VCOMP38,VCOMP38-4,4.99635,-0.0144271,7.31309
VCOMP38,VCOMP38-5,4.99634,-0.0144259,7.31309
VCOMP38,VCOMP38-6,4.99642,-0.0144371,7.31309
VCOMP38,VCOMP38-7,-0.000160167,0.0127625,7.31309
VCOMP38,VCOMP38-8,-0.000160167,0.0127625,7.31309
VCOMP38,VCOMP38-9,-0.000160167,0.0127625,7.31309
VCOMP38,VCOMP38-10,-0.000160167,0.0127625,7.31309
VCOMP38,VCOMP38-11,-0.000160167,0.0127625,7.31309
VCOMP38,VCOMP38-12,-0.000160167,0.0127625,7.31309
VCOMP38,VCOMP38-13,-0.000160167,0.0127625,7.31309
VCOMP38,VCOMP38-14,-0.000160167,0.0127625,7.31309
VCOMP39,VCOMP39-0,2.49994,-2.66983e-06,500000
VCOMP39,VCOMP39-1,-6.55058e-05,2.33018e-06,500000
VCOMP41,VCOMP41-0,4.99836,-0.0114049,9.42761
VCOMP41,VCOMP41-1,4.99838,-0.0114068,9.42761
VCOMP41,VCOMP41-2,4.99832,-0.0114002,9.42761
VCOMP41,VCOMP41-3,4.99839,-0.0114075,9.42761
VCOMP41,VCOMP41-4,4.99635,-0.0111912,9.42761
VCOMP41,VCOMP41-5,4.99634,-0.0111903,9.42761
VCOMP41,VCOMP41-6,4.99642,-0.011199,9.42761
VCOMP41,VCOMP41-7,-0.000160167,0.0099,9.42761
VCOMP41,VCOMP41-8,-0.000160167,0.0099,9.42761
VCOMP41,VCOMP41-9,-0.000160167,0.0099,9.42761
VCOMP41,VCOMP41-10,-0.000160167,0.0099,9.42761
VCOMP41,VCOMP41-11,-0.000160167,0.0099,9.42761
VCOMP41,VCOMP41-12,-0.000160167,0.0099,9.42761
VCOMP41,VCOMP41-13,-0.000160167,0.0099,9.42761
VCOMP41,VCOMP41-14,-0.000160167,0.0099,9.42761
VCOMP42,VCOMP42-0,1.09997,-1.17472e-06,500000
VCOMP42,VCOMP42-1,-3.39228e-05,1.02528e-06,500000
VCOMP44,VCOMP44-0,8.79318,-0.0378774,1.89042
VCOMP44,VCOMP44-1,8.7932,-0.03789,1.89042
VCOMP44,VCOMP44-2,8.79323,-0.0379052,1.89042
VCOMP44,VCOMP44-3,8.79263,-0.0375841,1.89042
VCOMP44,VCOMP44-4,8.79554,-0.0391231,1.89042
VCOMP44,VCOMP44-5,8.79616,-0.0394511,1.89042
VCOMP44,VCOMP44-6,8.79619,-0.0394695,1.89042
VCOMP44,VCOMP44-7,0,0.067325,1.89042
VCOMP44,VCOMP44-8,0,0.067325,1.89042
VCOMP44,VCOMP44-9,0,0.067325,1.89042
VCOMP44,VCOMP44-10,0,0.067325,1.89042
VCOMP45,VCOMP45-0,10.4,-1.11065e-05,500000
VCOMP45,VCOMP45-1,-1.85617e-05,9.69349e-06,500000
VCOMP47,VCOMP47-0,8.79318,-0.000357255,200.429
VCOMP47,VCOMP47-1,8.7932,-0.000357373,200.429
VCOMP47,VCOMP47-2,8.79323,-0.000357517,200.429
VCOMP47,VCOMP47-3,8.79263,-0.000354489,200.429
VCOMP47,VCOMP47-4,8.79554,-0.000369004,200.429
VCOMP47,VCOMP47-5,8.79616,-0.000372098,200.429
VCOMP47,VCOMP47-6,8.79619,-0.000372271,200.429
VCOMP47,VCOMP47-7,0,0.000635,200.429
VCOMP47,VCOMP47-8,0,0.000635,200.429
VCOMP47,VCOMP47-9,0,0.000635,200.429
VCOMP47,VCOMP47-10,0,0.000635,200.429
VCOMP48,VCOMP48-0,16,-1.70869e-05,500000
VCOMP48,VCOMP48-1,-6.22036e-06,1.49131e-05,500000
VCOMP50,VCOMP50-0,8.79318,-0.000156123,458.64
VCOMP50,VCOMP50-1,8.7932,-0.000156175,458.64
VCOMP50,VCOMP50-2,8.79323,-0.000156237,458.64
VCOMP50,VCOMP50-3,8.79263,-0.000154914,458.64
VCOMP50,VCOMP50-4,8.79554,-0.000161257,458.64
VCOMP50,VCOMP50-5,8.79616,-0.00016261,458.64
VCOMP50,VCOMP50-6,8.79619,-0.000162685,458.64
VCOMP50,VCOMP50-7,0,0.0002775,458.64
VCOMP50,VCOMP50-8,0,0.0002775,458.64
VCOMP50,VCOMP50-9,0,0.0002775,458.64
VCOMP50,VCOMP50-10,0,0.0002775,458.64
VCOMP51,VCOMP51-0,-7.00001,7.47553e-06,500000
VCOMP51,VCOMP51-1,-8.87251e-06,-6.52447e-06,500000
VCOMP53,VCOMP53-0,8.79318,-0.00515769,13.883
VCOMP53,VCOMP53-1,8.7932,-0.0051594,13.883
VCOMP53,VCOMP53-2,8.79323,-0.00516147,13.883
VCOMP53,VCOMP53-3,8.79263,-0.00511776,13.883
VCOMP53,VCOMP53-4,8.79554,-0.00532731,13.883
VCOMP53,VCOMP53-5,8.79616,-0.00537198,13.883
VCOMP53,VCOMP53-6,8.79619,-0.00537448,13.883
VCOMP53,VCOMP53-7,0,0.0091675,13.883
VCOMP53,VCOMP53-8,0,0.0091675,13.883
VCOMP53,VCOMP53-9,0,0.0091675,13.883
VCOMP53,VCOMP53-10,0,0.0091675,13.883
VCOMP54,VCOMP54-0,3.29999,-3.52417e-06,500000
VCOMP54,VCOMP54-1,-5.89919e-06,3.07582e-06,500000
VCOMP55,VCOMP55-0,3.29424,-0.03,0
VCOMP55,VCOMP55-1,3.00233,0.03,0
VCOMP56,VCOMP56-0,8.99778,-0.64142,5e-07
VCOMP56,VCOMP56-1,8.79778,0.64142,5e-07
VCOMP57,VCOMP57-0,-8.58395e-06,-6.52447e-06,5e-07
VCOMP57,VCOMP57-1,-8.58396e-06,6.52447e-06,5e-07
VCOMP58,VCOMP58-0,5.19996,0,5e-07
VCOMP58,VCOMP58-1,4.99996,-1.77636e-09,5e-07
VCOMP59,VCOMP59-0,5.19996,0,5e-07
VCOMP59,VCOMP59-1,4.99996,0,5e-07
VCOMP60,VCOMP60-0,3.29181,-0.000329203,5e-07
VCOMP60,VCOMP60-1,3.29181,0.000329203,5e-07
VCOMP61,VCOMP61-0,3.2907,0.0150221,8.33333e-07
VCOMP61,VCOMP61-1,3.2907,0.00548845,8.33333e-07
VCOMP61,VCOMP61-2,3.2907,-0.039188,8.33333e-07
VCOMP61,VCOMP61-3,3.2907,0.00633928,8.33333e-07
VCOMP61,VCOMP61-4,3.2907,0.00552823,8.33333e-07
VCOMP61,VCOMP61-5,3.2907,0.00681,8.33333e-07
VCOMP62,VCOMP62-0,3.29021,-0.00681,110
VCOMP62,VCOMP62-1,1.79201,0.00681,110
VCOMP63,VCOMP63-0,3.29079,-0.00318,110
VCOMP63,VCOMP63-1,2.59119,0.00318,110
VCOMP64,VCOMP64-0,-4.05508e-05,0.000329058,5e-07
VCOMP64,VCOMP64-1,-4.05502e-05,-0.000329058,5e-07
VCOMP65,VCOMP65-0,-4.85989e-05,0.000329329,5e-07
VCOMP65,VCOMP65-1,-4.85983e-05,-0.000329329,5e-07
VCOMP66,VCOMP66-0,-3.13807e-05,0.00329124,5e-07
VCOMP66,VCOMP66-1,-3.13741e-05,-0.00329124,5e-07
VCOMP67,VCOMP67-0,0.000203951,0.000329111,5e-07
VCOMP67,VCOMP67-1,0.000203951,-0.000329111,5e-07
VCOMP68,VCOMP68-0,5.51763e-06,0.000329382,5e-07
VCOMP68,VCOMP68-1,5.51829e-06,-0.000329382,5e-07
VCOMP69,VCOMP69-0,0.000172505,0.000533184,8.57143e-07
VCOMP69,VCOMP69-1,0.000172509,-0.00406864,8.57143e-07
VCOMP69,VCOMP69-2,0.000172508,-0.00299137,8.57143e-07
VCOMP69,VCOMP69-3,0.000172502,0.00509256,8.57143e-07
VCOMP69,VCOMP69-4,0.000172506,1.57237e-05,8.57143e-07
VCOMP69,VCOMP69-5,0.000172504,0.00174765,8.57143e-07
VCOMP69,VCOMP69-6,0.000172507,-0.000329114,8.57143e-07
VCOMP70,VCOMP70-0,0.000172505,0.000533184,8.57143e-07
VCOMP70,VCOMP70-1,0.000172509,-0.00406864,8.57143e-07
VCOMP70,VCOMP70-2,0.000172508,-0.00299137,8.57143e-07
VCOMP70,VCOMP70-3,0.000172502,0.00509256,8.57143e-07
VCOMP70,VCOMP70-4,0.000172506,1.57237e-05,8.57143e-07
VCOMP70,VCOMP70-5,0.000172504,0.00174765,8.57143e-07
VCOMP70,VCOMP70-6,0.000172507,-0.000329114,8.57143e-07
VCOMP71,VCOMP71-0,0.000172505,0.000533184,8.57143e-07
VCOMP71,VCOMP71-1,0.000172509,-0.00406864,8.57143e-07
VCOMP71,VCOMP71-2,0.000172508,-0.00299137,8.57143e-07
VCOMP71,VCOMP71-3,0.000172502,0.00509256,8.57143e-07
VCOMP71,VCOMP71-4,0.000172506,1.57237e-05,8.57143e-07
VCOMP71,VCOMP71-5,0.000172504,0.00174765,8.57143e-07
VCOMP71,VCOMP71-6,0.000172507,-0.000329113,8.57143e-07
VCOMP72,VCOMP72-0,0.000172505,0.000533184,8.57143e-07
VCOMP72,VCOMP72-1,0.000172509,-0.00406864,8.57143e-07
VCOMP72,VCOMP72-2,0.000172508,-0.00299137,8.57143e-07
VCOMP72,VCOMP72-3,0.000172502,0.00509256,8.57143e-07
VCOMP72,VCOMP72-4,0.000172506,1.57237e-05,8.57143e-07
VCOMP72,VCOMP72-5,0.000172504,0.00174765,8.57143e-07
VCOMP72,VCOMP72-6,0.000172507,-0.000329114,8.57143e-07
VCOMP73,VCOMP73-0,0.000172505,0.000533184,8.57143e-07
VCOMP73,VCOMP73-1,0.000172509,-0.00406864,8.57143e-07
VCOMP73,VCOMP73-2,0.000172508,-0.00299137,8.57143e-07
VCOMP73,VCOMP73-3,0.000172502,0.00509256,8.57143e-07
VCOMP73,VCOMP73-4,0.000172506,1.57237e-05,8.57143e-07
VCOMP73,VCOMP73-5,0.000172504,0.00174765,8.57143e-07
VCOMP73,VCOMP73-6,0.000172507,-0.000329114,8.57143e-07
VCOMP74,VCOMP74-0,2.49793,-0.00062446,1000
VCOMP74,VCOMP74-1,1.24901,0.00062446,1000
VCOMP75,VCOMP75-0,10.4,-1.11093e-05,5e-07
VCOMP75,VCOMP75-1,10.4,1.11058e-05,5e-07
VCOMP76,VCOMP76-0,-5.72441e-05,0.000329928,5e-07
VCOMP76,VCOMP76-1,-5.72435e-05,-0.000329928,5e-07
