refdes;pin;voltage;current
J1;1;8.99906;0.64142
J1;2;-0.000300587;-0.64142
U2;4;9.19518;0.18
L2;2;-0.104639;-0.18
L1;2;4.99902;0.560905
U1;2;-0.000415716;-0.229105
L3;1;3.2992;0.641573
U3;5;-0.000160587;-0.07555130000000002
U3;4;-0.000160587;-0.07555130000000002
U3;1;-0.000160587;-0.07555130000000002
U3;21;-0.000160587;-0.07555130000000002
U3;13;-0.000160587;-0.07555130000000002
U3;12;-0.000160587;-0.07555130000000002
U3;17;-0.000160587;-0.07555130000000002
U3;15;-0.000160587;-0.07555130000000002
L4;1;2.49966;0.178227
L5;1;1.09949;0.345511
Q4;3;10.3998;0.2199998871
U7;7;0.0;0.019816407
U7;pdna_pin_28_2;0.0;0.019816407
U7;6;0.0;0.019816407
U7;23;0.0;0.019816407
D6;1;16.0;0.00101709
D5;2;-7.0;-0.00100748
L7;2;3.29999;0.0103336
R27;2;3.28932;-0.000328972
R27;1;0.000153194;0.000328862
U5;11;3.28837;-0.024951800000000003
U5;100;3.28837;-0.0344739
U5;28;3.28837;-0.0791432
U5;75;3.28837;-0.0337991
U5;50;3.28837;-0.034442150000000005
U5;27;0.000206632;0.0500092
U5;10;0.000247945;0.0499906
U5;99;0.000194732;0.0500145
U5;74;0.000258378;0.0499859
SD1;pdna_pin_4_1;3.28952;-0.0667136
SD1;pdna_pin_4_2;3.28954;-0.0667254
SD1;pdna_pin_4_3;3.28921;-0.066561
SD1;pdna_pin_6_1;0.00017232399999999999;0.035998794000000015
SD1;pdna_pin_6_2;0.000172328;0.01299010000000001
SD1;9;0.000172327;0.018376250000000004
SD1;pdna_pin_6_3;0.00017232;0.058795250000000014
SD1;pdna_pin_6_4;0.00017232399999999999;0.03341222999999999
SD1;pdna_pin_6_5;0.00017232300000000002;0.042071599999999994
D2;2;1.78964;-0.00680999
D2;1;0.000126928;0.00680999
D9;2;2.58885;-0.00318
D9;1;0.000151724;0.00318
U10;8;3.28936;-0.00832606
U10;7;3.28936;-0.00832616
U10;3;3.28949;-0.00834778
U10;4;0.000203768;0.025328878000000003
R20;2;3.28893;-0.000328934
R20;1;0.000132308;0.000328825
R59;2;3.29158;-0.000329206
R59;1;7.10995e-05;0.000329096
R70;2;3.2901;-0.00328882
R70;1;0.00123401;0.00328891
R54;2;3.28953;-0.000328987
R54;1;0.000204935;0.000328878
R65;2;3.29211;-0.000329259
R65;1;7.36993e-05;0.000329149
U11;4;3.29046;-0.0234668
U11;5;3.29046;-0.0234666
U11;20;3.29056;-0.0235024
U11;74;3.29177;-0.0239253
U11;67;3.28871;-0.0228547
U11;50;3.28851;-0.0227844
U11;82;0.00124547;0.23035483
U11;89;0.000245504;0.23253039999999997
U11;73;0.00130531;0.23022456
R49;2;3.28953;-0.00032899
R49;1;0.000175592;0.000328881
R45;2;3.28953;-0.00032899
R45;1;0.000175001;0.00032888
R46;2;3.28953;-0.00032899
R46;1;0.000175764;0.000328881
R47;2;3.28953;-0.00032899
R47;1;0.000174317;0.000328881
R48;2;3.28953;-0.00032899
R48;1;0.000174176;0.000328881
U11;80;2.99144;-0.03
U11;30;2.49726;-0.0355397
U11;31;2.49725;-0.035537
U11;32;2.49724;-0.0355314
U11;34;2.4971;-0.0354641
U11;36;2.49723;-0.0355275
R63;2;1.24879;-0.000624351
R63;1;0.000148124;0.000624293
U11;22;1.09515;-0.116131
U11;71;1.09355;-0.114284
U11;35;1.09425;-0.115095
LCD1;43;10.3953;-0.05
LCD1;52;8.52257e-05;0.008585837
LCD1;40;0.000144635;0.008567268
LCD1;38;0.000124004;0.008573714
LCD1;48;0.000107657;0.008578829999999999
LCD1;5;0.000220291;0.008543613
LCD1;36;0.000105512;0.008579495
LCD1;51;0.000131924;0.008571233000000001
LCD1;1;9.19075;-0.090005
LCD1;2;9.19074;-0.0899952
LCD1;3;-0.100007;0.0900062
LCD1;4;-0.0999932;0.089994
LCD1;41;15.9999;-0.001
LCD1;42;-6.99989;0.001
LCD1;47;3.29985;-0.00166671
LCD1;6;3.29984;-0.00166661
LCD1;7;3.29984;-0.00166661
LCD1;8;3.29984;-0.00166661
LCD1;39;3.29985;-0.00166676
LCD1;46;3.29985;-0.00166671
R40;2;3.29985;-0.000330037
R40;1;2.62787e-05;0.000329927
U4;2;3.29191;-0.06
U4;1;0.000168275;0.03
U2;5;10.3965;-0.17
U2;2;7.94246e-05;0.17
U1;5;8.79116;-0.3318
R1;2;4.99819;-5.33776e-06
R4;1;-3.4884e-05;4.65869e-06
U3;9;4.99658;-0.08077019999999999
U3;10;4.9966;-0.0807841
U3;7;4.99654;-0.0807374
U3;8;4.99661;-0.0807888
U3;19;4.99457;-0.0792571
U3;18;4.99456;-0.0792506
U3;16;4.99464;-0.0793123
R8;2;3.29764;-3.52169e-06
R9;1;-3.04449e-05;3.07366e-06
R10;2;2.4995;-2.66936e-06
R11;1;-6.57052e-05;2.32978e-06
R12;2;1.09922;-1.17393e-06
R13;1;-3.37365e-05;1.02458e-06
U7;22;8.79318;-0.043548346
U7;21;8.7932;-0.043562836
U7;20;8.79323;-0.043580312999999996
U7;16;8.79262;-0.043210575
U7;12;8.79554;-0.044982057000000006
U7;9;8.79616;-0.045357676
U7;8;8.79619;-0.045378715
R30;2;10.3998;-1.11063e-05
R32;1;-1.86649e-05;9.69332e-06
R33;2;16.0;-1.70869e-05
R35;1;-6.33895e-06;1.49131e-05
R34;2;-7.0;7.47552e-06
R36;1;-8.91937e-06;-6.52446e-06
R37;2;3.29999;-3.52417e-06
R38;1;-6.02161e-06;3.07582e-06
U4;3;2.99191;0.03
Q1;3;8.99778;-0.64142
Q1;2;8.79778;0.64142
C50;2;-8.63084e-06;-6.52446e-06
C50;1;-8.63086e-06;6.52446e-06
Q5;3;5.19819;3.55271e-09
Q5;2;4.99819;-3.55271e-09
Q6;3;5.19819;1.77636e-09
Q6;2;4.99819;1.77636e-09
SW2;2;3.28948;-0.000328972
SW2;1;3.28948;0.000328971
U5;67;3.28837;0.00681
R17;2;3.28788;-0.00681
R17;1;1.78968;0.00681
R39;2;3.28846;-0.00318
R39;1;2.58886;0.00318
SW1;1;-4.07077e-05;0.000328825
SW1;2;-4.07071e-05;-0.000328825
SW5;1;-4.87534e-05;0.000329096
SW5;2;-4.87527e-05;-0.000329096
SW4;1;-3.15412e-05;0.00328891
SW4;2;-3.15346e-05;-0.00328891
U10;1;0.000203769;-0.000328878
SW10;1;5.34352e-06;0.000329149
SW10;2;5.34418e-06;-0.000329149
SD1;3;0.000172325;-0.000328881
SD1;7;0.000172325;-0.00032888
SD1;8;0.000172325;-0.000328881
SD1;1;0.000172325;-0.000328881
SD1;2;0.000172325;-0.000328881
R60;2;2.4975;-0.000624351
R60;1;1.2488;0.000624351
Q4;2;10.3998;1.11093e-05
SW3;1;-5.73963e-05;0.000329927
SW3;2;-5.73957e-05;-0.000329927
