vrefdes,vpin,refdes,pin
VCOMP0,0,J1,1
VCOMP0,1,J1,2
VCOMP1,0,R27,2
VCOMP1,1,R27,1
VCOMP2,0,U5,11
VCOMP2,1,U5,100
VCOMP2,2,U5,28
VCOMP2,3,U5,75
VCOMP2,4,U5,50
VCOMP2,5,U5,27
VCOMP2,6,U5,10
VCOMP2,7,U5,99
VCOMP2,8,U5,74
VCOMP3,0,SD1,pdna_pin_4_1
VCOMP3,1,SD1,pdna_pin_4_2
VCOMP3,2,SD1,pdna_pin_4_3
VCOMP3,3,SD1,pdna_pin_6_1
VCOMP3,4,SD1,pdna_pin_6_2
VCOMP3,5,SD1,9
VCOMP3,6,SD1,pdna_pin_6_3
VCOMP3,7,SD1,pdna_pin_6_4
VCOMP3,8,SD1,pdna_pin_6_5
VCOMP4,0,D2,2
VCOMP4,1,D2,1
VCOMP5,0,D9,2
VCOMP5,1,D9,1
VCOMP6,0,U10,8
VCOMP6,1,U10,7
VCOMP6,2,U10,3
VCOMP6,3,U10,4
VCOMP7,0,R20,2
VCOMP7,1,R20,1
VCOMP8,0,R59,2
VCOMP8,1,R59,1
VCOMP9,0,R70,2
VCOMP9,1,R70,1
VCOMP10,0,R54,2
VCOMP10,1,R54,1
VCOMP11,0,R65,2
VCOMP11,1,R65,1
VCOMP12,0,U11,4
VCOMP12,1,U11,5
VCOMP12,2,U11,20
VCOMP12,3,U11,74
VCOMP12,4,U11,67
VCOMP12,5,U11,50
VCOMP12,6,U11,82
VCOMP12,7,U11,89
VCOMP12,8,U11,73
VCOMP13,0,R49,2
VCOMP13,1,R49,1
VCOMP14,0,R45,2
VCOMP14,1,R45,1
VCOMP15,0,R46,2
VCOMP15,1,R46,1
VCOMP16,0,R47,2
VCOMP16,1,R47,1
VCOMP17,0,R48,2
VCOMP17,1,R48,1
VCOMP18,0,U11,80
VCOMP18,1,U11,82
VCOMP18,2,U11,89
VCOMP18,3,U11,73
VCOMP19,0,U11,30
VCOMP19,1,U11,31
VCOMP19,2,U11,32
VCOMP19,3,U11,34
VCOMP19,4,U11,36
VCOMP19,5,U11,82
VCOMP19,6,U11,89
VCOMP19,7,U11,73
VCOMP20,0,R63,2
VCOMP20,1,R63,1
VCOMP21,0,U11,22
VCOMP21,1,U11,71
VCOMP21,2,U11,35
VCOMP21,3,U11,82
VCOMP21,4,U11,89
VCOMP21,5,U11,73
VCOMP22,0,LCD1,43
VCOMP22,1,LCD1,52
VCOMP22,2,LCD1,40
VCOMP22,3,LCD1,38
VCOMP22,4,LCD1,48
VCOMP22,5,LCD1,5
VCOMP22,6,LCD1,36
VCOMP22,7,LCD1,51
VCOMP23,0,LCD1,1
VCOMP23,1,LCD1,2
VCOMP23,2,LCD1,3
VCOMP23,3,LCD1,4
VCOMP24,0,LCD1,41
VCOMP24,1,LCD1,52
VCOMP24,2,LCD1,40
VCOMP24,3,LCD1,38
VCOMP24,4,LCD1,48
VCOMP24,5,LCD1,5
VCOMP24,6,LCD1,36
VCOMP24,7,LCD1,51
VCOMP25,0,LCD1,42
VCOMP25,1,LCD1,52
VCOMP25,2,LCD1,40
VCOMP25,3,LCD1,38
VCOMP25,4,LCD1,48
VCOMP25,5,LCD1,5
VCOMP25,6,LCD1,36
VCOMP25,7,LCD1,51
VCOMP26,0,LCD1,47
VCOMP26,1,LCD1,6
VCOMP26,2,LCD1,7
VCOMP26,3,LCD1,8
VCOMP26,4,LCD1,39
VCOMP26,5,LCD1,46
VCOMP26,6,LCD1,52
VCOMP26,7,LCD1,40
VCOMP26,8,LCD1,38
VCOMP26,9,LCD1,48
VCOMP26,10,LCD1,5
VCOMP26,11,LCD1,36
VCOMP26,12,LCD1,51
VCOMP27,0,R40,2
VCOMP27,1,R40,1
VCOMP28,0,U4,2
VCOMP28,1,U4,1
VCOMP29,0,U2,4
VCOMP29,1,L2,2
VCOMP30,0,U2,5
VCOMP30,1,U2,2
VCOMP31,0,L1,2
VCOMP31,1,U1,2
VCOMP32,0,U1,5
VCOMP32,1,U1,2
VCOMP33,0,R1,2
VCOMP33,1,R4,1
VCOMP34,0,L3,1
VCOMP34,1,U3,5
VCOMP34,2,U3,4
VCOMP34,3,U3,1
VCOMP34,4,U3,21
VCOMP34,5,U3,13
VCOMP34,6,U3,12
VCOMP34,7,U3,17
VCOMP34,8,U3,15
VCOMP35,0,U3,9
VCOMP35,1,U3,10
VCOMP35,2,U3,7
VCOMP35,3,U3,8
VCOMP35,4,U3,19
VCOMP35,5,U3,18
VCOMP35,6,U3,16
VCOMP35,7,U3,5
VCOMP35,8,U3,4
VCOMP35,9,U3,1
VCOMP35,10,U3,21
VCOMP35,11,U3,13
VCOMP35,12,U3,12
VCOMP35,13,U3,17
VCOMP35,14,U3,15
VCOMP36,0,R8,2
VCOMP36,1,R9,1
VCOMP37,0,L4,1
VCOMP37,1,U3,5
VCOMP37,2,U3,4
VCOMP37,3,U3,1
VCOMP37,4,U3,21
VCOMP37,5,U3,13
VCOMP37,6,U3,12
VCOMP37,7,U3,17
VCOMP37,8,U3,15
VCOMP38,0,U3,9
VCOMP38,1,U3,10
VCOMP38,2,U3,7
VCOMP38,3,U3,8
VCOMP38,4,U3,19
VCOMP38,5,U3,18
VCOMP38,6,U3,16
VCOMP38,7,U3,5
VCOMP38,8,U3,4
VCOMP38,9,U3,1
VCOMP38,10,U3,21
VCOMP38,11,U3,13
VCOMP38,12,U3,12
VCOMP38,13,U3,17
VCOMP38,14,U3,15
VCOMP39,0,R10,2
VCOMP39,1,R11,1
VCOMP40,0,L5,1
VCOMP40,1,U3,5
VCOMP40,2,U3,4
VCOMP40,3,U3,1
VCOMP40,4,U3,21
VCOMP40,5,U3,13
VCOMP40,6,U3,12
VCOMP40,7,U3,17
VCOMP40,8,U3,15
VCOMP41,0,U3,9
VCOMP41,1,U3,10
VCOMP41,2,U3,7
VCOMP41,3,U3,8
VCOMP41,4,U3,19
VCOMP41,5,U3,18
VCOMP41,6,U3,16
VCOMP41,7,U3,5
VCOMP41,8,U3,4
VCOMP41,9,U3,1
VCOMP41,10,U3,21
VCOMP41,11,U3,13
VCOMP41,12,U3,12
VCOMP41,13,U3,17
VCOMP41,14,U3,15
VCOMP42,0,R12,2
VCOMP42,1,R13,1
VCOMP43,0,Q4,3
VCOMP43,1,U7,7
VCOMP43,2,U7,pdna_pin_28_2
VCOMP43,3,U7,6
VCOMP43,4,U7,23
VCOMP44,0,U7,22
VCOMP44,1,U7,21
VCOMP44,2,U7,20
VCOMP44,3,U7,16
VCOMP44,4,U7,12
VCOMP44,5,U7,9
VCOMP44,6,U7,8
VCOMP44,7,U7,7
VCOMP44,8,U7,pdna_pin_28_2
VCOMP44,9,U7,6
VCOMP44,10,U7,23
VCOMP45,0,R30,2
VCOMP45,1,R32,1
VCOMP46,0,D6,1
VCOMP46,1,U7,7
VCOMP46,2,U7,pdna_pin_28_2
VCOMP46,3,U7,6
VCOMP46,4,U7,23
VCOMP47,0,U7,22
VCOMP47,1,U7,21
VCOMP47,2,U7,20
VCOMP47,3,U7,16
VCOMP47,4,U7,12
VCOMP47,5,U7,9
VCOMP47,6,U7,8
VCOMP47,7,U7,7
VCOMP47,8,U7,pdna_pin_28_2
VCOMP47,9,U7,6
VCOMP47,10,U7,23
VCOMP48,0,R33,2
VCOMP48,1,R35,1
VCOMP49,0,D5,2
VCOMP49,1,U7,7
VCOMP49,2,U7,pdna_pin_28_2
VCOMP49,3,U7,6
VCOMP49,4,U7,23
VCOMP50,0,U7,22
VCOMP50,1,U7,21
VCOMP50,2,U7,20
VCOMP50,3,U7,16
VCOMP50,4,U7,12
VCOMP50,5,U7,9
VCOMP50,6,U7,8
VCOMP50,7,U7,7
VCOMP50,8,U7,pdna_pin_28_2
VCOMP50,9,U7,6
VCOMP50,10,U7,23
VCOMP51,0,R34,2
VCOMP51,1,R36,1
VCOMP52,0,L7,2
VCOMP52,1,U7,7
VCOMP52,2,U7,pdna_pin_28_2
VCOMP52,3,U7,6
VCOMP52,4,U7,23
VCOMP53,0,U7,22
VCOMP53,1,U7,21
VCOMP53,2,U7,20
VCOMP53,3,U7,16
VCOMP53,4,U7,12
VCOMP53,5,U7,9
VCOMP53,6,U7,8
VCOMP53,7,U7,7
VCOMP53,8,U7,pdna_pin_28_2
VCOMP53,9,U7,6
VCOMP53,10,U7,23
VCOMP54,0,R37,2
VCOMP54,1,R38,1
VCOMP55,0,U4,2
VCOMP55,1,U4,3
VCOMP56,0,Q1,3
VCOMP56,1,Q1,2
VCOMP57,0,C50,2
VCOMP57,1,C50,1
VCOMP58,0,Q5,3
VCOMP58,1,Q5,2
VCOMP59,0,Q6,3
VCOMP59,1,Q6,2
VCOMP60,0,SW2,2
VCOMP60,1,SW2,1
VCOMP61,0,U5,11
VCOMP61,1,U5,100
VCOMP61,2,U5,28
VCOMP61,3,U5,75
VCOMP61,4,U5,50
VCOMP61,5,U5,67
VCOMP62,0,R17,2
VCOMP62,1,R17,1
VCOMP63,0,R39,2
VCOMP63,1,R39,1
VCOMP64,0,SW1,1
VCOMP64,1,SW1,2
VCOMP65,0,SW5,1
VCOMP65,1,SW5,2
VCOMP66,0,SW4,1
VCOMP66,1,SW4,2
VCOMP67,0,U10,4
VCOMP67,1,U10,1
VCOMP68,0,SW10,1
VCOMP68,1,SW10,2
VCOMP69,0,SD1,pdna_pin_6_1
VCOMP69,1,SD1,pdna_pin_6_2
VCOMP69,2,SD1,9
VCOMP69,3,SD1,pdna_pin_6_3
VCOMP69,4,SD1,pdna_pin_6_4
VCOMP69,5,SD1,pdna_pin_6_5
VCOMP69,6,SD1,3
VCOMP70,0,SD1,pdna_pin_6_1
VCOMP70,1,SD1,pdna_pin_6_2
VCOMP70,2,SD1,9
VCOMP70,3,SD1,pdna_pin_6_3
VCOMP70,4,SD1,pdna_pin_6_4
VCOMP70,5,SD1,pdna_pin_6_5
VCOMP70,6,SD1,7
VCOMP71,0,SD1,pdna_pin_6_1
VCOMP71,1,SD1,pdna_pin_6_2
VCOMP71,2,SD1,9
VCOMP71,3,SD1,pdna_pin_6_3
VCOMP71,4,SD1,pdna_pin_6_4
VCOMP71,5,SD1,pdna_pin_6_5
VCOMP71,6,SD1,8
VCOMP72,0,SD1,pdna_pin_6_1
VCOMP72,1,SD1,pdna_pin_6_2
VCOMP72,2,SD1,9
VCOMP72,3,SD1,pdna_pin_6_3
VCOMP72,4,SD1,pdna_pin_6_4
VCOMP72,5,SD1,pdna_pin_6_5
VCOMP72,6,SD1,1
VCOMP73,0,SD1,pdna_pin_6_1
VCOMP73,1,SD1,pdna_pin_6_2
VCOMP73,2,SD1,9
VCOMP73,3,SD1,pdna_pin_6_3
VCOMP73,4,SD1,pdna_pin_6_4
VCOMP73,5,SD1,pdna_pin_6_5
VCOMP73,6,SD1,2
VCOMP74,0,R60,2
VCOMP74,1,R60,1
VCOMP75,0,Q4,3
VCOMP75,1,Q4,2
VCOMP76,0,SW3,1
VCOMP76,1,SW3,2
